step,timestamp,gene_MCM2,gene_MCM5,gene_PCNA,gene_DNA_POL_ALPHA,gene_CDC45,gene_CCND1,gene_CDK2,gene_RB1,gene_TP53,gene_ATM,gene_ATR,gene_CHEK1,gene_BRCA1,gene_BRCA2,gene_PRKDC,gene_FANCI,gene_MMS22L,gene_STAT1,gene_IRF7,gene_IFNB1,gene_BAX,gene_BCL2,gene_HSPA1A,gene_FKBP1A,gene_MTOR,gene_MT-ND4,gene_MT-CO1,gene_MT-CYB,gene_HLA-A,gene_HLA-B,gene_viral_LT,gene_viral_ST,gene_viral_VP1,gene_viral_VP2,gene_viral_VP3,protein_LT,protein_ST,protein_VP1,metabolite_dATP,metabolite_dCTP,metabolite_dGTP,metabolite_dTTP,metabolite_atp,pathway_dna_replication,pathway_cell_cycle,pathway_dna_damage_response,pathway_innate_immune,pathway_apoptosis,pathway_mTOR_signaling,pathway_viral_replication,pathway_cellular_stress,pathway_interferon_response,pathway_nucleotide_synthesis,pathway_mitochondrial_stress,pathway_antigen_presentation,pathway_translation
0,0.0,1.0,1.0,1.2,1.0,1.0,0.8,1.0,1.2,1.0,0.9,0.9,0.8,0.7,0.7,0.9,0.6,0.6,0.7,0.5,0.3,0.5,0.6,0.7,1.0,1.0,0.8,0.8,0.8,1.0,1.0,0.0,0.0,0.0,0.0,0.0,0.0,0.0,0.0,0.5,0.5,0.5,0.5,3.0,0.5,0.5,0.5,0.5,0.5,0.5,0.0,0.5,0.5,0.5,0.5,0.5,0.5
1,1.0,1.0,1.0,1.2,1.0,1.0,0.8,1.0,1.2,0.99,0.891,0.891,0.792,0.7,0.7,0.9,0.6,0.6,0.6859999999999999,0.49,0.294,0.51,0.609,0.7,1.0,1.0,0.8,0.8,0.8,1.0,1.0,0.0,0.0,0.0,0.0,0.0,0.0,0.0,0.0,0.5,0.5,0.5,0.5,3.0,0.5,0.5,0.5,0.5,0.5,0.5,0.0,0.5,0.5,0.5,0.5,0.5,0.5
2,2.0,1.0,1.0,1.2,1.0,1.0,0.8,1.0,1.2,0.9801,0.88209,0.88209,0.78408,0.7,0.7,0.9,0.6,0.6,0.67228,0.4802,0.28812,0.5205,0.61851,0.7,1.0,1.0,0.8,0.8,0.8,1.0,1.0,0.0,0.0,0.0,0.0,0.0,0.0,0.0,0.0,0.5,0.5,0.5,0.5,3.0,0.5,0.5,0.5,0.5,0.5,0.5,0.0,0.5,0.5,0.5,0.5,0.5,0.5
3,3.0,1.0,1.0,1.2,1.0,1.0,0.8,1.0,1.2,0.970299,0.8732691,0.8732691,0.7762392,0.7,0.7,0.9,0.6,0.6,0.6588344,0.470596,0.2823576,0.531435,0.6284649,0.7,1.0,1.0,0.8,0.8,0.8,1.0,1.0,0.0,0.0,0.0,0.0,0.0,0.0,0.0,0.0,0.5,0.5,0.5,0.5,3.0,0.5,0.5,0.5,0.5,0.5,0.5,0.0,0.5,0.5,0.5,0.5,0.5,0.5
4,4.0,1.0,1.0,1.2,1.0,1.0,0.8,1.0,1.2,0.9605960100000001,0.8645364090000001,0.8645364090000001,0.7684768080000001,0.7,0.7,0.9,0.6,0.6,0.645657712,0.46118408,0.276710448,0.54274665,0.638806251,0.7,1.0,1.0,0.8,0.8,0.8,1.0,1.0,0.0,0.0,0.0,0.0,0.0,0.0,0.0,0.0,0.5,0.5,0.5,0.5,3.0,0.5,0.5,0.5,0.5,0.5,0.5,0.0,0.5,0.5,0.5,0.5,0.5,0.5
5,5.0,1.0,1.0,1.2,1.0,1.0,0.8,1.0,1.2,0.9509900499,0.85589104491,0.85589104491,0.7607920399200001,0.7,0.7,0.9,0.6,0.6,0.63274455776,0.4519603984,0.27117623904,0.5543825835,0.64948158849,0.7,1.0,1.0,0.8,0.8,0.8,1.0,1.0,0.0,0.0,0.0,0.0,0.0,0.0,0.0,0.0,0.5,0.5,0.5,0.5,3.0,0.5,0.5,0.5,0.5,0.5,0.5,0.0,0.5,0.5,0.5,0.5,0.5,0.5
6,6.0,1.0,1.0,1.2,1.0,1.0,0.8,1.0,1.2,0.941480149401,0.8473321344609,0.8473321344609,0.7531841195208001,0.7,0.7,0.9,0.6,0.6,0.6200896666048,0.442921190432,0.2657527142592,0.566295817665,0.6604438326051001,0.7,1.0,1.0,0.8,0.8,0.8,1.0,1.0,0.0,0.0,0.0,0.0,0.0,0.0,0.0,0.0,0.5,0.5,0.5,0.5,3.0,0.5,0.5,0.5,0.5,0.5,0.5,0.0,0.5,0.5,0.5,0.5,0.5,0.5
7,7.0,1.0,1.0,1.2,1.0,1.0,0.8,1.0,1.2,0.93206534790699,0.8388588131162911,0.8388588131162911,0.7456522783255921,0.7,0.7,0.9,0.6,0.6,0.607687873272704,0.43406276662336,0.260437659974016,0.5784442134883501,0.6716507482790491,0.7,1.0,1.0,0.8,0.8,0.8,1.0,1.0,0.0,0.0,0.0,0.0,0.0,0.0,0.0,0.0,0.5,0.5,0.5,0.5,3.0,0.5,0.5,0.5,0.5,0.5,0.5,0.0,0.5,0.5,0.5,0.5,0.5,0.5
8,8.0,1.0,1.0,1.2,1.0,1.0,0.8,1.0,1.2,0.9227446944279202,0.8304702249851281,0.8304702249851281,0.7381957555423362,0.7,0.7,0.9,0.6,0.6,0.5955341158072499,0.4253815112908928,0.2552289067745357,0.5907899899534665,0.6830644593962586,0.7,1.0,1.0,0.8,0.8,0.8,1.0,1.0,0.0,0.0,0.0,0.0,0.0,0.0,0.0,0.0,0.5,0.5,0.5,0.5,3.0,0.5,0.5,0.5,0.5,0.5,0.5,0.0,0.5,0.5,0.5,0.5,0.5,0.5
9,9.0,1.0,1.0,1.2,1.0,1.0,0.8,1.0,1.2,0.9135172474836409,0.8221655227352769,0.8221655227352769,0.7308137979869128,0.7,0.7,0.9,0.6,0.6,0.5836234334911049,0.41687388106507495,0.250124328639045,0.6032992867939319,0.694651011542296,0.7,1.0,1.0,0.8,0.8,0.8,1.0,1.0,0.0,0.0,0.0,0.0,0.0,0.0,0.0,0.0,0.5,0.5,0.5,0.5,3.0,0.5,0.5,0.5,0.5,0.5,0.5,0.0,0.5,0.5,0.5,0.5,0.5,0.5
10,10.0,1.0,1.0,1.2,1.0,1.0,0.8,1.0,1.2,0.9043820750088045,0.8139438675079241,0.8139438675079241,0.7235056600070436,0.7,0.7,0.9,0.6,0.6,0.5719509648212828,0.40853640344377345,0.24512184206626408,0.6159417709919925,0.706379978492873,0.7,1.0,1.0,0.8,0.8,0.8,1.0,1.0,0.0,0.0,0.0,0.0,0.0,0.0,0.0,0.0,0.5,0.5,0.5,0.5,3.0,0.5,0.5,0.5,0.5,0.5,0.5,0.0,0.5,0.5,0.5,0.5,0.5,0.5
11,11.0,1.0,1.0,1.2,1.0,1.0,0.8,1.0,1.2,0.9196972286176909,0.8301634031918192,0.8301634031918192,0.7406295777659475,0.7,0.7,0.9,0.6,0.6,0.5994863044992161,0.43934003434925695,0.27919376419929776,0.6286902826414726,0.7182241080673443,0.7,1.0,1.0,0.8,0.8,0.8,1.0,1.0,0.55,0.3,0.1,0.0,0.0,0.55,0.3,0.1,0.5,0.5,0.5,0.5,3.0,0.5,0.5,0.5,0.5,0.5,0.5,0.0,0.5,0.5,0.5,0.5,0.5,0.5
12,12.0,1.0,1.0,1.2,1.0,1.0,0.8,1.0,1.2,0.9348592306904884,0.8462207435188754,0.8462207435188754,0.7575822563472624,0.7,0.7,0.9,0.6,0.6,0.6264709373835908,0.4695275926366308,0.31258424788967076,0.6415205162385179,0.7301590034101308,0.7,1.0,1.0,0.8,0.8,0.8,1.0,1.0,0.55,0.3,0.1,0.0,0.0,0.55,0.3,0.1,0.5,0.5,0.5,0.5,3.0,0.5,0.5,0.5,0.5,0.5,0.5,0.0,0.5,0.5,0.5,0.5,0.5,0.5
13,13.0,1.0,1.0,1.2,1.0,1.0,0.8,1.0,1.2,0.9498696127425579,0.862117510442661,0.862117510442661,0.7743654081427641,0.7,0.7,0.9,0.6,0.6,0.652915877610278,0.49911139975825713,0.34530692190623635,0.6544107338572467,0.7421628361571435,0.7,1.0,1.0,0.8,0.8,0.8,1.0,1.0,0.55,0.3,0.1,0.0,0.0,0.55,0.3,0.1,0.5,0.5,0.5,0.5,3.0,0.5,0.5,0.5,0.5,0.5,0.5,0.0,0.5,0.5,0.5,0.5,0.5,0.5
14,14.0,1.0,1.0,1.2,1.0,1.0,0.8,1.0,1.2,0.9647298909741067,0.8778553096972088,0.8778553096972088,0.7909807284203109,0.7,0.7,0.9,0.6,0.6,0.6788319190324315,0.528103530737451,0.3773751424424706,0.6673415070216768,0.7542160882985747,0.7,1.0,1.0,0.8,0.8,0.8,1.0,1.0,0.55,0.3,0.1,0.0,0.0,0.55,0.3,0.1,0.5,0.5,0.5,0.5,3.0,0.5,0.5,0.5,0.5,0.5,0.5,0.0,0.5,0.5,0.5,0.5,0.5,0.5
15,15.0,1.0,1.0,1.2,1.0,1.0,0.8,1.0,1.2,0.9794415664233399,0.8934357309592111,0.8934357309592111,0.8074298954950822,0.7,0.7,0.9,0.6,0.6,0.7042296396261418,0.5565158190970609,0.40880199856798016,0.6802954844041624,0.7663013198682913,0.7,1.0,1.0,0.8,0.8,0.8,1.0,1.0,0.55,0.3,0.1,0.0,0.0,0.55,0.3,0.1,0.5,0.5,0.5,0.5,3.0,0.5,0.5,0.5,0.5,0.5,0.5,0.0,0.5,0.5,0.5,0.5,0.5,0.5
16,16.0,1.0,1.0,1.2,1.0,1.0,0.8,1.0,1.2,0.9940061251180808,0.9088603480085934,0.9088603480085934,0.8237145708991057,0.7,0.7,0.9,0.6,0.6,0.729119405807978,0.5843598616894787,0.43960031757097956,0.6932571827675529,0.7784029598770404,0.7,1.0,1.0,0.8,0.8,0.8,1.0,1.0,0.55,0.3,0.1,0.0,0.0,0.55,0.3,0.1,0.5,0.5,0.5,0.5,3.0,0.5,0.5,0.5,0.5,0.5,0.5,0.0,0.5,0.5,0.5,0.5,0.5,0.5
17,17.0,1.0,1.0,1.2,1.0,1.0,0.8,1.0,1.2,1.0084250382258744,0.9241307188874818,0.9241307188874818,0.8398363995490891,0.7,0.7,0.9,0.6,0.6,0.7535113766661774,0.6116470234300482,0.46978267019391895,0.7062127988265663,0.7905071181649589,0.7,1.0,1.0,0.8,0.8,0.8,1.0,1.0,0.55,0.3,0.1,0.0,0.0,0.55,0.3,0.1,0.5,0.5,0.5,0.5,3.0,0.5,0.5,0.5,0.5,0.5,0.5,0.0,0.5,0.5,0.5,0.5,0.5,0.5
18,18.0,1.0,1.0,1.2,1.0,1.0,0.8,1.0,1.2,1.02269976220259,0.9392483860575813,0.9392483860575813,0.8557970099125726,0.7,0.7,0.9,0.6,0.6,0.7774155081072128,0.6383884419358062,0.49936137576439954,0.7191500399363207,0.8026014160813293,0.7,1.0,1.0,0.8,0.8,0.8,1.0,1.0,0.55,0.3,0.1,0.0,0.0,0.55,0.3,0.1,0.5,0.5,0.5,0.5,3.0,0.5,0.5,0.5,0.5,0.5,0.5,0.0,0.5,0.5,0.5,0.5,0.5,0.5
19,19.0,1.0,1.0,1.2,1.0,1.0,0.8,1.0,1.2,1.0368317389395385,0.9542148765559799,0.9542148765559799,0.8715980141724212,0.7,0.7,0.9,0.6,0.6,0.8008415569194276,0.6645950320714491,0.5283485072234705,0.7320579717251754,0.814674834108734,0.7,1.0,1.0,0.8,0.8,0.8,1.0,1.0,0.55,0.3,0.1,0.0,0.0,0.55,0.3,0.1,0.5,0.5,0.5,0.5,3.0,0.5,0.5,0.5,0.5,0.5,0.5,0.0,0.5,0.5,0.5,0.5,0.5,0.5
20,20.0,1.0,1.0,1.2,1.0,1.0,0.8,1.0,1.2,1.0508223959091174,0.9690317021493945,0.9690317021493945,0.8872410083896713,0.7,0.7,0.9,0.6,0.6,0.823799084755398,0.6902774904043791,0.5567558960533601,0.7449268809773198,0.8267175747370429,0.7,1.0,1.0,0.8,0.8,0.8,1.0,1.0,0.55,0.3,0.1,0.0,0.0,0.55,0.3,0.1,0.5,0.5,0.5,0.5,3.0,0.5,0.5,0.5,0.5,0.5,0.5,0.0,0.5,0.5,0.5,0.5,0.5,0.5
21,21.0,1.0,1.0,1.2,1.0,1.0,0.8,1.0,1.2,1.0646731463090007,0.983700359486875,0.983700359486875,0.902727572664749,0.7,0.7,0.9,0.6,0.6,0.846297462034649,0.7154462995706505,0.5845951371066518,0.7577481522400032,0.8387209390621291,0.7,1.0,1.0,0.8,0.8,0.8,1.0,1.0,0.55,0.3,0.1,0.0,0.0,0.55,0.3,0.1,0.5,0.5,0.5,0.5,3.0,0.5,0.5,0.5,0.5,0.5,0.5,0.0,0.5,0.5,0.5,0.5,0.5,0.5
22,22.0,1.0,1.0,1.2,1.0,1.0,0.8,1.0,1.2,1.0783853892048851,0.9982223302509806,0.9982223302509806,0.9180592712970759,0.7,0.7,0.9,0.6,0.6,0.8683458717683149,0.7401117325535965,0.6118775933388777,0.7705141567828141,0.8506772157367187,0.7,1.0,1.0,0.8,0.8,0.8,1.0,1.0,0.55,0.3,0.1,0.0,0.0,0.55,0.3,0.1,0.5,0.5,0.5,0.5,3.0,0.5,0.5,0.5,0.5,0.5,0.5,0.0,0.5,0.5,0.5,0.5,0.5,0.5
23,23.0,1.0,1.0,1.2,1.0,1.0,0.8,1.0,1.2,1.0919605096718106,1.0125990813074452,1.0125990813074452,0.9332376529430795,0.7,0.7,0.9,0.6,0.6,0.8899533133073075,0.7642838568768836,0.6386144004464591,0.7832181526736758,0.8625795810380413,0.7,1.0,1.0,0.8,0.8,0.8,1.0,1.0,0.55,0.3,0.1,0.0,0.0,0.55,0.3,0.1,0.5,0.5,0.5,0.5,3.0,0.5,0.5,0.5,0.5,0.5,0.5,0.0,0.5,0.5,0.5,0.5,0.5,0.5
24,24.0,1.0,1.0,1.2,1.0,1.0,0.8,1.0,1.2,1.1053998789340669,1.026832064853345,1.026832064853345,0.948264250772623,0.7,0.7,0.9,0.6,0.6,0.9111286060155204,0.7879725387137049,0.6648164714118889,0.7958541948597598,0.8744220089404817,0.7,1.0,1.0,0.8,0.8,0.8,1.0,1.0,0.55,0.3,0.1,0.0,0.0,0.55,0.3,0.1,0.5,0.5,0.5,0.5,3.0,0.5,0.5,0.5,0.5,0.5,0.5,0.0,0.5,0.5,0.5,0.5,0.5,0.5
25,25.0,1.0,1.0,1.2,1.0,1.0,0.8,1.0,1.2,1.1187048545037006,1.040922718563786,1.040922718563786,0.9631405826238711,0.7,0.7,0.9,0.6,0.6,0.9318803928695689,0.8111874469137897,0.6904945009580101,0.8084170542527009,0.8861991901926156,0.7,1.0,1.0,0.8,0.8,0.8,1.0,1.0,0.55,0.3,0.1,0.0,0.0,0.55,0.3,0.1,0.5,0.5,0.5,0.5,3.0,0.5,0.5,0.5,0.5,0.5,0.5,0.0,0.5,0.5,0.5,0.5,0.5,0.5
26,26.0,1.0,1.0,1.2,1.0,1.0,0.8,1.0,1.2,1.131876780317638,1.0548724657371225,1.0548724657371225,0.9778681511566067,0.7,0.7,0.9,0.6,0.6,0.9522171439865366,0.8339380569498729,0.7156589699132089,0.8209021449175589,0.8979064594980743,0.7,1.0,1.0,0.8,0.8,0.8,1.0,1.0,0.55,0.3,0.1,0.0,0.0,0.55,0.3,0.1,0.5,0.5,0.5,0.5,3.0,0.5,0.5,0.5,0.5,0.5,0.5,0.0,0.5,0.5,0.5,0.5,0.5,0.5
27,27.0,1.0,1.0,1.2,1.0,1.0,0.8,1.0,1.2,1.144916986873436,1.0686827154387255,1.0686827154387255,0.992448444004015,0.7,0.7,0.9,0.6,0.6,0.9721471600811649,0.8562336547852344,0.7403201494893037,0.8333054585550297,0.90953972998974,0.7,1.0,1.0,0.8,0.8,0.8,1.0,1.0,0.55,0.3,0.1,0.0,0.0,0.55,0.3,0.1,0.5,0.5,0.5,0.5,3.0,0.5,0.5,0.5,0.5,0.5,0.5,0.0,0.5,0.5,0.5,0.5,0.5,0.5
28,28.0,1.0,1.0,1.2,1.0,1.0,0.8,1.0,1.2,1.157826791363676,1.0823548626433126,1.0823548626433126,1.0068829339229493,0.7,0.7,0.9,0.6,0.6,0.9916785758539005,0.8780833406638887,0.7644881054738766,0.8456235055474611,0.9210954342678244,0.7,1.0,1.0,0.8,0.8,0.8,1.0,1.0,0.55,0.3,0.1,0.0,0.0,0.55,0.3,0.1,0.5,0.5,0.5,0.5,3.0,0.5,0.5,0.5,0.5,0.5,0.5,0.0,0.5,0.5,0.5,0.5,0.5,0.5
29,29.0,1.0,1.0,1.2,1.0,1.0,0.8,1.0,1.2,1.1706074978090135,1.095890288375854,1.095890288375854,1.021173078942694,0.7,0.7,0.9,0.6,0.6,1.0108193633111815,0.8994960328249699,0.788172702338758,0.85785326191217,0.9325704713453297,0.7,1.0,1.0,0.8,0.8,0.8,1.0,1.0,0.55,0.3,0.1,0.0,0.0,0.55,0.3,0.1,0.5,0.5,0.5,0.5,3.0,0.5,0.5,0.5,0.5,0.5,0.5,0.0,0.5,0.5,0.5,0.5,0.5,0.5
30,30.0,1.0,1.0,1.2,1.0,1.0,0.8,1.0,1.2,1.1832603971898978,1.1092903598510697,1.1092903598510697,1.0353203225122414,0.7,0.7,0.9,0.6,0.6,1.029577335019317,0.9204804711428295,0.8113836072663418,0.8699921215712135,0.9439621589100415,0.7,1.0,1.0,0.8,0.8,0.8,1.0,1.0,0.55,0.3,0.1,0.0,0.0,0.55,0.3,0.1,0.5,0.5,0.5,0.5,3.0,0.5,0.5,0.5,0.5,0.5,0.5,0.0,0.5,0.5,0.5,0.5,0.5,0.5
31,31.0,1.0,1.0,1.2,1.0,1.0,0.8,1.0,1.2,1.195786767576973,1.1225564306115334,1.1225564306115334,1.0493260936460933,0.7,0.7,0.9,0.6,0.6,1.0479601472932896,0.9410452206943318,0.834130294095374,0.8820378534058501,0.9552681903712898,0.7,1.0,1.0,0.8,0.8,0.8,1.0,1.0,0.55,0.3,0.1,0.0,0.0,0.55,0.3,0.1,0.5,0.5,0.5,0.5,3.0,0.5,0.5,0.5,0.5,0.5,0.5,0.0,0.5,0.5,0.5,0.5,0.5,0.5
32,32.0,1.0,1.0,1.2,1.0,1.0,0.8,1.0,1.2,1.2081878742601777,1.1356898406643925,1.1356898406643925,1.0631918070686068,0.7,0.7,0.9,0.6,0.6,1.0659753033217827,0.9611986752548042,0.8564220471878254,0.8939885626171054,0.9664865962128908,0.7,1.0,1.0,0.8,0.8,0.8,1.0,1.0,0.55,0.3,0.1,0.0,0.0,0.55,0.3,0.1,0.5,0.5,0.5,0.5,3.0,0.5,0.5,0.5,0.5,0.5,0.5,0.0,0.5,0.5,0.5,0.5,0.5,0.5
33,33.0,1.0,1.0,1.2,1.0,1.0,0.8,1.0,1.2,1.2204649698765504,1.1486919166167229,1.1486919166167229,1.0769188633568951,0.7,0.7,0.9,0.6,0.6,1.083630156229706,0.9809490607240671,0.8782679652184279,0.9058426559617168,0.9776157092215443,0.7,1.0,1.0,0.8,0.8,0.8,1.0,1.0,0.55,0.3,0.1,0.0,0.0,0.55,0.3,0.1,0.5,0.5,0.5,0.5,3.0,0.5,0.5,0.5,0.5,0.5,0.5,0.0,0.5,0.5,0.5,0.5,0.5,0.5
34,34.0,1.0,1.0,1.2,1.0,1.0,0.8,1.0,1.2,1.2326192945367593,1.16156397180953,1.16156397180953,1.0905086490823006,0.7,0.7,0.9,0.6,0.6,1.1009319120794707,1.0003044384839448,0.8996769648884183,0.9175988104758038,0.9886541332030331,0.7,1.0,1.0,0.8,0.8,0.8,1.0,1.0,0.55,0.3,0.1,0.0,0.0,0.55,0.3,0.1,0.5,0.5,0.5,0.5,3.0,0.5,0.5,0.5,0.5,0.5,0.5,0.0,0.5,0.5,0.5,0.5,0.5,0.5
35,35.0,1.0,1.0,1.2,1.0,1.0,0.8,1.0,1.2,1.244652075950366,1.174307306450409,1.174307306450409,1.103962536950452,0.7,0.7,0.9,0.6,0.6,1.1178876328122402,1.0192727086886249,0.9206577845650089,0.9292559453373795,0.9996007148373365,0.7,1.0,1.0,0.8,0.8,0.8,1.0,1.0,0.55,0.3,0.1,0.0,0.0,0.55,0.3,0.1,0.5,0.5,0.5,0.5,3.0,0.5,0.5,0.5,0.5,0.5,0.5,0.0,0.5,0.5,0.5,0.5,0.5,0.5
36,36.0,1.0,1.0,1.2,1.0,1.0,0.8,1.0,1.2,1.2565645295498369,1.1869232077448792,1.1869232077448792,1.1172818859399218,0.7,0.7,0.9,0.6,0.6,1.1345042391303544,1.0378616134892114,0.9412189878480677,0.9408131965537061,1.0104545183586635,0.7,1.0,1.0,0.8,0.8,0.8,1.0,1.0,0.55,0.3,0.1,0.0,0.0,0.55,0.3,0.1,0.5,0.5,0.5,0.5,3.0,0.5,0.5,0.5,0.5,0.5,0.5,0.0,0.5,0.5,0.5,0.5,0.5,0.5
37,37.0,1.0,1.0,1.2,1.0,1.0,0.8,1.0,1.2,1.2683578586133128,1.1994129500264048,1.1994129500264048,1.130468041439497,0.7,0.7,0.9,0.6,0.6,1.1507885133221063,1.0560787401937861,0.9613689670654653,0.9522698941908994,1.0212148027778072,0.7,1.0,1.0,0.8,0.8,0.8,1.0,1.0,0.55,0.3,0.1,0.0,0.0,0.55,0.3,0.1,0.5,0.5,0.5,0.5,3.0,0.5,0.5,0.5,0.5,0.5,0.5,0.0,0.5,0.5,0.5,0.5,0.5,0.5
38,38.0,1.0,1.0,1.2,1.0,1.0,0.8,1.0,1.2,1.2800332543861541,1.2117777948851152,1.2117777948851152,1.1435223353840764,0.7,0.7,0.9,0.6,0.6,1.166747102030023,1.0739315243642693,0.981115946698515,0.9636255418914477,1.0318810013924864,0.7,1.0,1.0,0.8,0.8,0.8,1.0,1.0,0.55,0.3,0.1,0.0,0.0,0.55,0.3,0.1,0.5,0.5,0.5,0.5,3.0,0.5,0.5,0.5,0.5,0.5,0.5,0.0,0.5,0.5,0.5,0.5,0.5,0.5
39,39.0,1.0,1.0,1.2,1.0,1.0,0.8,1.0,1.2,1.291591896201267,1.2240189912952384,1.2240189912952384,1.15644608638921,0.7,0.7,0.9,0.6,0.6,1.1823865189637817,1.091427252851343,1.0004679867389037,0.9748797984507448,1.0424527033567732,0.7,1.0,1.0,0.8,0.8,0.8,1.0,1.0,0.55,0.3,0.1,0.0,0.0,0.55,0.3,0.1,0.5,0.5,0.5,0.5,3.0,0.5,0.5,0.5,0.5,0.5,0.5,0.0,0.5,0.5,0.5,0.5,0.5,0.5
40,40.0,1.0,1.0,1.2,1.0,1.0,0.8,1.0,1.2,1.3030349515982287,1.2361377757412604,1.2361377757412604,1.1692405998842923,0.7,0.7,0.9,0.6,0.6,1.197713147558865,1.108573066768675,1.0194329859784845,0.9860324612466278,1.0529296371035959,0.7,1.0,1.0,0.8,0.8,0.8,1.0,1.0,0.55,0.3,0.1,0.0,0.0,0.55,0.3,0.1,0.5,0.5,0.5,0.5,3.0,0.5,0.5,0.5,0.5,0.5,0.5,0.0,0.5,0.5,0.5,0.5,0.5,0.5
41,41.0,1.0,1.0,1.2,1.0,1.0,0.8,1.0,1.2,1.3143635764412207,1.2481353723428221,1.2481353723428221,1.1819071682444238,0.7,0.7,0.9,0.6,0.6,1.2127332435820466,1.1253759644076606,1.0380186852332738,0.9970834513365129,1.0633116554349114,0.7,1.0,1.0,0.8,0.8,0.8,1.0,1.0,0.55,0.3,0.1,0.0,0.0,0.55,0.3,0.1,0.5,0.5,0.5,0.5,3.0,0.5,0.5,0.5,0.5,0.5,0.5,0.0,0.5,0.5,0.5,0.5,0.5,0.5
42,42.0,1.0,1.0,1.2,1.0,1.0,0.8,1.0,1.2,1.3255789150357828,1.2600129929783683,1.2600129929783683,1.1944470709209538,0.7,0.7,0.9,0.6,0.6,1.2274529376847647,1.1418428040938664,1.0562326705029672,1.008032800055264,1.0735987221126786,0.7,1.0,1.0,0.8,0.8,0.8,1.0,1.0,0.55,0.3,0.1,0.0,0.0,0.55,0.3,0.1,0.5,0.5,0.5,0.5,3.0,0.5,0.5,0.5,0.5,0.5,0.5,0.0,0.5,0.5,0.5,0.5,0.5,0.5
43,43.0,1.0,1.0,1.2,1.0,1.0,0.8,1.0,1.2,1.3366821002443994,1.271771837407559,1.271771837407559,1.2068615745707187,0.7,0.7,0.9,0.6,0.6,1.2418782379054283,1.1579803069863481,1.0740823760672669,1.018880636963616,1.0837908998004564,0.7,1.0,1.0,0.8,0.8,0.8,1.0,1.0,0.55,0.3,0.1,0.0,0.0,0.55,0.3,0.1,0.5,0.5,0.5,0.5,3.0,0.5,0.5,0.5,0.5,0.5,0.5,0.0,0.5,0.5,0.5,0.5,0.5,0.5
44,44.0,1.0,1.0,1.2,1.0,1.0,0.8,1.0,1.2,1.3476742536009296,1.283413093392458,1.283413093392458,1.219151933183986,0.7,0.7,0.9,0.6,0.6,1.2560150321216788,1.17379505982098,1.0915750875202805,1.029627179011994,1.093888339220466,0.7,1.0,1.0,0.8,0.8,0.8,1.0,1.0,0.55,0.3,0.1,0.0,0.0,0.55,0.3,0.1,0.5,0.5,0.5,0.5,3.0,0.5,0.5,0.5,0.5,0.5,0.5,0.0,0.5,0.5,0.5,0.5,0.5,0.5
45,45.0,1.0,1.0,1.2,1.0,1.0,0.8,1.0,1.2,1.3585564854238947,1.2949379368175076,1.2949379368175076,1.2313193882111204,0.7,0.7,0.9,0.6,0.6,1.269869090453604,1.1892935175989194,1.108717944744234,1.0402727207980869,1.103891269404474,0.7,1.0,1.0,0.8,0.8,0.8,1.0,1.0,0.55,0.3,0.1,0.0,0.0,0.55,0.3,0.1,0.5,0.5,0.5,0.5,3.0,0.5,0.5,0.5,0.5,0.5,0.5,0.0,0.5,0.5,0.5,0.5,0.5,0.5
46,46.0,1.0,1.0,1.2,1.0,1.0,0.8,1.0,1.2,1.36932989492863,1.3063475318083069,1.3063475318083069,1.2433651686879836,0.7,0.7,0.9,0.6,0.6,1.283446067618891,1.2044820062213,1.1255179448237083,1.0508176258086974,1.1137999889290207,0.7,1.0,1.0,0.8,0.8,0.8,1.0,1.0,0.55,0.3,0.1,0.0,0.0,0.55,0.3,0.1,0.5,0.5,0.5,0.5,3.0,0.5,0.5,0.5,0.5,0.5,0.5,0.0,0.5,0.5,0.5,0.5,0.5,0.5
47,47.0,1.0,1.0,1.2,1.0,1.0,0.8,1.0,1.2,1.3799955703383182,1.3176430308491982,1.3176430308491982,1.2552904913600782,0.7,0.7,0.9,0.6,0.6,1.2967515052408722,1.219366725071233,1.141981944901593,1.0612623185473427,1.1236148580364627,0.7,1.0,1.0,0.8,0.8,0.8,1.0,1.0,0.55,0.3,0.1,0.0,0.0,0.55,0.3,0.1,0.5,0.5,0.5,0.5,3.0,0.5,0.5,0.5,0.5,0.5,0.5,0.0,0.5,0.5,0.5,0.5,0.5,0.5
48,48.0,1.0,1.0,1.2,1.0,1.0,0.8,1.0,1.2,1.3905545889939095,1.3288255748996807,1.3288255748996807,1.2670965608054519,0.7,0.7,0.9,0.6,0.6,1.3097908341104139,1.2339537495441673,1.1581166649779202,1.0716072774589283,1.133336291553157,0.7,1.0,1.0,0.8,0.8,0.8,1.0,1.0,0.55,0.3,0.1,0.0,0.0,0.55,0.3,0.1,0.5,0.5,0.5,0.5,3.0,0.5,0.5,0.5,0.5,0.5,0.5,0.0,0.5,0.5,0.5,0.5,0.5,0.5
49,49.0,1.0,1.0,1.2,1.0,1.0,0.8,1.0,1.2,1.4010080174629447,1.3398962935096583,1.3398962935096583,1.2787845695563718,0.7,0.7,0.9,0.6,0.6,1.3225693764025646,1.2482490335276428,1.1739286906527209,1.081853028571692,1.1429647525249786,0.7,1.0,1.0,0.8,0.8,0.8,1.0,1.0,0.55,0.3,0.1,0.0,0.0,0.55,0.3,0.1,0.5,0.5,0.5,0.5,3.0,0.5,0.5,0.5,0.5,0.5,0.5,0.0,0.5,0.5,0.5,0.5,0.5,0.5
50,50.0,1.0,1.0,1.2,1.0,1.0,0.8,1.0,1.2,1.4113569116472895,1.350856304933536,1.350856304933536,1.2903556982197824,0.7,0.7,0.9,0.6,0.6,1.3350923478488723,1.262258411831449,1.1894244758140253,1.092000139784593,1.1525007464983468,0.7,1.0,1.0,0.8,0.8,0.8,1.0,1.0,0.55,0.3,0.1,0.0,0.0,0.55,0.3,0.1,0.5,0.5,0.5,0.5,3.0,0.5,0.5,0.5,0.5,0.5,0.5,0.0,0.5,0.5,0.5,0.5,0.5,0.5
51,51.0,1.0,1.0,1.2,1.0,1.0,0.8,1.0,1.2,1.4216023168897909,1.361706716243175,1.361706716243175,1.3018111155965588,0.7,0.7,0.9,0.6,0.6,1.3473648598662538,1.275987602569179,1.2046103452721038,1.1020492157355033,1.1619448163821193,0.7,1.0,1.0,0.8,0.8,0.8,1.0,1.0,0.55,0.3,0.1,0.0,0.0,0.55,0.3,0.1,0.5,0.5,0.5,0.5,3.0,0.5,0.5,0.5,0.5,0.5,0.5,0.0,0.5,0.5,0.5,0.5,0.5,0.5
52,52.0,1.0,1.0,1.2,1.0,1.0,0.8,1.0,1.2,1.4317452680798672,1.3724486234397177,1.3724486234397177,1.3131519787995676,0.7,0.7,0.9,0.6,0.6,1.3593919216432877,1.2894422094921543,1.2194924973410206,1.1120008931920287,1.1712975378321786,0.7,1.0,1.0,0.8,0.8,0.8,1.0,1.0,0.55,0.3,0.1,0.0,0.0,0.55,0.3,0.1,0.5,0.5,0.5,0.5,3.0,0.5,0.5,0.5,0.5,0.5,0.5,0.0,0.5,0.5,0.5,0.5,0.5,0.5
53,53.0,1.0,1.0,1.2,1.0,1.0,0.8,1.0,1.2,1.441786789758043,1.383083111564295,1.383083111564295,1.3243794333705463,0.7,0.7,0.9,0.6,0.6,1.371178442184781,1.3026277242766702,1.234077006368559,1.1218558369126008,1.1805595151063493,0.7,1.0,1.0,0.8,0.8,0.8,1.0,1.0,0.55,0.3,0.1,0.0,0.0,0.55,0.3,0.1,0.5,0.5,0.5,0.5,3.0,0.5,0.5,0.5,0.5,0.5,0.5,0.0,0.5,0.5,0.5,0.5,0.5,0.5
54,54.0,1.0,1.0,1.2,1.0,1.0,0.8,1.0,1.2,1.4517278962194369,1.3936112548076265,1.3936112548076265,1.3354946133958152,0.7,0.7,0.9,0.6,0.6,1.3827292323154443,1.3155495287654957,1.2483698252155468,1.131614735930718,1.1897313773425289,0.7,1.0,1.0,0.8,0.8,0.8,1.0,1.0,0.55,0.3,0.1,0.0,0.0,0.55,0.3,0.1,0.5,0.5,0.5,0.5,3.0,0.5,0.5,0.5,0.5,0.5,0.5,0.0,0.5,0.5,0.5,0.5,0.5,0.5
55,55.0,1.0,1.0,1.2,1.0,1.0,0.8,1.0,1.2,1.4615695916162168,1.4040341166185246,1.4040341166185246,1.3464986416208313,0.7,0.7,0.9,0.6,0.6,1.3940490066434943,1.3282128971645448,1.262376787685595,1.1412783002199298,1.1988137752176224,0.7,1.0,1.0,0.8,0.8,0.8,1.0,1.0,0.55,0.3,0.1,0.0,0.0,0.55,0.3,0.1,0.5,0.5,0.5,0.5,3.0,0.5,0.5,0.5,0.5,0.5,0.5,0.0,0.5,0.5,0.5,0.5,0.5,0.5
56,56.0,1.0,1.0,1.2,1.0,1.0,0.8,1.0,1.2,1.471312870059029,1.4143527498113138,1.4143527498113138,1.3573926295635974,0.7,0.7,0.9,0.6,0.6,1.4051423854849834,1.3406229981956128,1.276103610906242,1.1508472577013975,1.2078073779491132,0.7,1.0,1.0,0.8,0.8,0.8,1.0,1.0,0.55,0.3,0.1,0.0,0.0,0.55,0.3,0.1,0.5,0.5,0.5,0.5,3.0,0.5,0.5,0.5,0.5,0.5,0.5,0.0,0.5,0.5,0.5,0.5,0.5,0.5
57,57.0,1.0,1.0,1.2,1.0,1.0,0.8,1.0,1.2,1.480958715717413,1.424568196672175,1.424568196672175,1.3681776776269359,0.7,0.7,0.9,0.6,0.6,1.4160138967496427,1.3527848972060594,1.2895558976624761,1.1603223515596839,1.2167128706049224,0.7,1.0,1.0,0.8,0.8,0.8,1.0,1.0,0.55,0.3,0.1,0.0,0.0,0.55,0.3,0.1,0.5,0.5,0.5,0.5,3.0,0.5,0.5,0.5,0.5,0.5,0.5,0.0,0.5,0.5,0.5,0.5,0.5,0.5
58,58.0,1.0,1.0,1.2,1.0,1.0,0.8,1.0,1.2,1.4905081029192133,1.4346814890644277,1.4346814890644277,1.3788548752096408,0.7,0.7,0.9,0.6,0.6,1.4266679777890088,1.3647035582362972,1.3027391386835856,1.1697043378358574,1.2255309516906434,0.7,1.0,1.0,0.8,0.8,0.8,1.0,1.0,0.55,0.3,0.1,0.0,0.0,0.55,0.3,0.1,0.5,0.5,0.5,0.5,3.0,0.5,0.5,0.5,0.5,0.5,0.5,0.0,0.5,0.5,0.5,0.5,0.5,0.5
59,59.0,1.0,1.0,1.2,1.0,1.0,0.8,1.0,1.2,1.4999619962489956,1.4446936485327577,1.4446936485327577,1.3894253008165187,0.7,0.7,0.9,0.6,0.6,1.4371089772075876,1.3763838460459301,1.3156587148842729,1.178993983270092,1.23426233098633,0.7,1.0,1.0,0.8,0.8,0.8,1.0,1.0,0.55,0.3,0.1,0.0,0.0,0.55,0.3,0.1,0.5,0.5,0.5,0.5,3.0,0.5,0.5,0.5,0.5,0.5,0.5,0.0,0.5,0.5,0.5,0.5,0.5,0.5
60,60.0,1.0,1.0,1.2,1.0,1.0,0.8,1.0,1.2,1.5093213506454801,1.4546056864064045,1.4546056864064045,1.3998900221673278,0.7,0.7,0.9,0.6,0.6,1.4473411566377947,1.3878305280993706,1.3283198995609464,1.1881920633687248,1.2429077276078007,0.7,1.0,1.0,0.8,0.8,0.8,1.0,1.0,0.55,0.3,0.1,0.0,0.0,0.55,0.3,0.1,0.5,0.5,0.5,0.5,3.0,0.5,0.5,0.5,0.5,0.5,0.5,0.0,0.5,0.5,0.5,0.5,0.5,0.5
61,61.0,1.0,1.0,1.2,1.0,1.0,0.8,1.0,1.2,1.5185871114979996,1.464418603901315,1.464418603901315,1.410250096304629,0.7,0.7,0.9,0.6,0.6,1.4573686924793978,1.3990482765117422,1.3407278605440864,1.197299360673238,1.2514678682699232,0.7,1.0,1.0,0.8,0.8,0.8,1.0,1.0,0.55,0.3,0.1,0.0,0.0,0.55,0.3,0.1,0.5,0.5,0.5,0.5,3.0,0.5,0.5,0.5,0.5,0.5,0.5,0.0,0.5,0.5,0.5,0.5,0.5,0.5
62,62.0,1.0,1.0,1.2,1.0,1.0,0.8,1.0,1.2,1.527760214741994,1.4741333922212763,1.4741333922212763,1.420506569700557,0.7,0.7,0.9,0.6,0.6,1.4671956776041688,1.4100416699558664,1.3528876623075636,1.2063166632108862,1.2599434857316043,0.7,1.0,1.0,0.8,0.8,0.8,1.0,1.0,0.55,0.3,0.1,0.0,0.0,0.55,0.3,0.1,0.5,0.5,0.5,0.5,3.0,0.5,0.5,0.5,0.5,0.5,0.5,0.0,0.5,0.5,0.5,0.5,0.5,0.5
63,63.0,1.0,1.0,1.2,1.0,1.0,0.8,1.0,1.2,1.5368415869535483,1.4837510326580379,1.4837510326580379,1.4306604783625259,0.7,0.7,0.9,0.6,0.6,1.4768261230264443,1.4208151955311081,1.3648042680357713,1.2152447631087198,1.2683353174042307,0.7,1.0,1.0,0.8,0.8,0.8,1.0,1.0,0.55,0.3,0.1,0.0,0.0,0.55,0.3,0.1,0.5,0.5,0.5,0.5,3.0,0.5,0.5,0.5,0.5,0.5,0.5,0.0,0.5,0.5,0.5,0.5,0.5,0.5
64,64.0,1.0,1.0,1.2,1.0,1.0,0.8,1.0,1.2,1.5458321454429873,1.4932724966904318,1.4932724966904318,1.440712847937875,0.7,0.7,0.9,0.6,0.6,1.4862639595402745,1.4313732505948449,1.3764825416494149,1.2240844553545807,1.2766441041071366,0.7,1.0,1.0,0.8,0.8,0.8,1.0,1.0,0.55,0.3,0.1,0.0,0.0,0.55,0.3,0.1,0.5,0.5,0.5,0.5,3.0,0.5,0.5,0.5,0.5,0.5,0.5,0.0,0.5,0.5,0.5,0.5,0.5,0.5
65,65.0,1.0,1.0,1.2,1.0,1.0,0.8,1.0,1.2,1.5547327983475319,1.5026987460825019,1.5026987460825019,1.4506646938174705,0.7,0.7,0.9,0.6,0.6,1.4955130393238278,1.441720144557307,1.3879272497907855,1.2328365366902883,1.2848705889553185,0.7,1.0,1.0,0.8,0.8,0.8,1.0,1.0,0.55,0.3,0.1,0.0,0.0,0.55,0.3,0.1,0.5,0.5,0.5,0.5,3.0,0.5,0.5,0.5,0.5,0.5,0.5,0.0,0.5,0.5,0.5,0.5,0.5,0.5
66,66.0,1.0,1.0,1.2,1.0,1.0,0.8,1.0,1.2,1.563544444723031,1.5120307329806513,1.5120307329806513,1.46051702123827,0.7,0.7,0.9,0.6,0.6,1.5045771375117103,1.4518601006405198,1.3991430637693287,1.2415018046237134,1.2930155163660932,0.7,1.0,1.0,0.8,0.8,0.8,1.0,1.0,0.55,0.3,0.1,0.0,0.0,0.55,0.3,0.1,0.5,0.5,0.5,0.5,3.0,0.5,0.5,0.5,0.5,0.5,0.5,0.0,0.5,0.5,0.5,0.5,0.5,0.5
67,67.0,1.0,1.0,1.2,1.0,1.0,0.8,1.0,1.2,1.572267974634775,1.521269400009819,1.521269400009819,1.4702708253848618,0.7,0.7,0.9,0.6,0.6,1.513459953735835,1.4617972576020684,1.4101345614683012,1.2500810565477716,1.3010796311727275,0.7,1.0,1.0,0.8,0.8,0.8,1.0,1.0,0.55,0.3,0.1,0.0,0.0,0.55,0.3,0.1,0.5,0.5,0.5,0.5,3.0,0.5,0.5,0.5,0.5,0.5,0.5,0.0,0.5,0.5,0.5,0.5,0.5,0.5
68,68.0,1.0,1.0,1.2,1.0,1.0,0.8,1.0,1.2,1.5809042692474016,1.5304156803686952,1.5304156803686952,1.4799270914899876,0.7,0.7,0.9,0.6,0.6,1.5221651136354775,1.471535671424386,1.4209062292132941,1.2585750889555596,1.309063677834266,0.7,1.0,1.0,0.8,0.8,0.8,1.0,1.0,0.55,0.3,0.1,0.0,0.0,0.55,0.3,0.1,0.5,0.5,0.5,0.5,3.0,0.5,0.5,0.5,0.5,0.5,0.5,0.0,0.5,0.5,0.5,0.5,0.5,0.5
69,69.0,1.0,1.0,1.2,1.0,1.0,0.8,1.0,1.2,1.5894542009139019,1.5394704979239826,1.5394704979239826,1.489486794934062,0.7,0.7,0.9,0.6,0.6,1.530696170337127,1.4810793169702572,1.4314624636033872,1.2669846967419431,1.3169683997318624,0.7,1.0,1.0,0.8,0.8,0.8,1.0,1.0,0.55,0.3,0.1,0.0,0.0,0.55,0.3,0.1,0.5,0.5,0.5,0.5,3.0,0.5,0.5,0.5,0.5,0.5,0.5,0.0,0.5,0.5,0.5,0.5,0.5,0.5
70,70.0,1.0,1.0,1.2,1.0,1.0,0.8,1.0,1.2,1.5979186332637372,1.548434767303717,1.548434767303717,1.4989509013436957,0.7,0.7,0.9,0.6,0.6,1.5390566059047432,1.490432089605211,1.4418075733056785,1.275310672582869,1.324794538542889,0.7,1.0,1.0,0.8,0.8,0.8,1.0,1.0,0.55,0.3,0.1,0.0,0.0,0.55,0.3,0.1,0.5,0.5,0.5,0.5,3.0,0.5,0.5,0.5,0.5,0.5,0.5,0.0,0.5,0.5,0.5,0.5,0.5,0.5
71,71.0,1.0,1.0,1.2,1.0,1.0,0.8,1.0,1.2,1.6062984212900742,1.5573093939896543,1.5573093939896543,1.508320366689233,0.7,0.7,0.9,0.6,0.6,1.5472498327610074,1.4995978067874658,1.451945780813924,1.2835538063845509,1.3325428336849707,0.7,1.0,1.0,0.8,0.8,0.8,1.0,1.0,0.55,0.3,0.1,0.0,0.0,0.55,0.3,0.1,0.5,0.5,0.5,0.5,3.0,0.5,0.5,0.5,0.5,0.5,0.5,0.0,0.5,0.5,0.5,0.5,0.5,0.5
72,72.0,1.0,1.0,1.2,1.0,1.0,0.8,1.0,1.2,1.6145944114361477,1.5660952744087322,1.5660952744087322,1.5175961373813152,0.7,0.7,0.9,0.6,0.6,1.5552791950801461,1.5085802096260754,1.4618812241720045,1.291714884795465,1.3402140218228806,0.7,1.0,1.0,0.8,0.8,0.8,1.0,1.0,0.55,0.3,0.1,0.0,0.0,0.55,0.3,0.1,0.5,0.5,0.5,0.5,3.0,0.5,0.5,0.5,0.5,0.5,0.5,0.0,0.5,0.5,0.5,0.5,0.5,0.5
73,73.0,1.0,1.0,1.2,1.0,1.0,0.8,1.0,1.2,1.6228074416807605,1.5747932960236193,1.5747932960236193,1.5267791503664763,0.7,0.7,0.9,0.6,0.6,1.563147970152902,1.5173829644079129,1.4716179586629234,1.299794690774794,1.3478088364319354,0.7,1.0,1.0,0.8,0.8,0.8,1.0,1.0,0.55,0.3,0.1,0.0,0.0,0.55,0.3,0.1,0.5,0.5,0.5,0.5,3.0,0.5,0.5,0.5,0.5,0.5,0.5,0.0,0.5,0.5,0.5,0.5,0.5,0.5
74,74.0,1.0,1.0,1.2,1.0,1.0,0.8,1.0,1.2,1.6309383416229273,1.5834043374223574,1.5834043374223574,1.5358703332217858,0.7,0.7,0.9,0.6,0.6,1.570859369724203,1.5260096640941136,1.481159958464024,1.3077940032116013,1.3553280074121714,0.7,1.0,1.0,0.8,0.8,0.8,1.0,1.0,0.55,0.3,0.1,0.0,0.0,0.55,0.3,0.1,0.5,0.5,0.5,0.5,3.0,0.5,0.5,0.5,0.5,0.5,0.5,0.0,0.5,0.5,0.5,0.5,0.5,0.5
75,75.0,1.0,1.0,1.2,1.0,1.0,0.8,1.0,1.2,1.6389879325656724,1.5919292684071082,1.5919292684071082,1.5448706042485423,0.7,0.7,0.9,0.6,0.6,1.578416541304078,1.5344638297865905,1.4905111182691024,1.315713596589585,1.3627722607481494,0.7,1.0,1.0,0.8,0.8,0.8,1.0,1.0,0.55,0.3,0.1,0.0,0.0,0.55,0.3,0.1,0.5,0.5,0.5,0.5,3.0,0.5,0.5,0.5,0.5,0.5,0.5,0.0,0.5,0.5,0.5,0.5,0.5,0.5
76,76.0,1.0,1.0,1.2,1.0,1.0,0.8,1.0,1.2,1.64695702759899,1.6003689500820115,1.6003689500820115,1.5537808725650313,0.7,0.7,0.9,0.6,0.6,1.5858225694523556,1.5427489121652176,1.4996752548780794,1.323554240692779,1.3701423182097576,0.7,1.0,1.0,0.8,0.8,0.8,1.0,1.0,0.55,0.3,0.1,0.0,0.0,0.55,0.3,0.1,0.5,0.5,0.5,0.5,3.0,0.5,0.5,0.5,0.5,0.5,0.5,0.0,0.5,0.5,0.5,0.5,0.5,0.5
77,77.0,1.0,1.0,1.2,1.0,1.0,0.8,1.0,1.2,1.6548464316819744,1.6087242349401658,1.6087242349401658,1.5626020381983554,0.7,0.7,0.9,0.6,0.6,1.5930804770376674,1.5508682928962723,1.5086561087548769,1.331316700348032,1.3774388970898408,0.7,1.0,1.0,0.8,0.8,0.8,1.0,1.0,0.55,0.3,0.1,0.0,0.0,0.55,0.3,0.1,0.5,0.5,0.5,0.5,3.0,0.5,0.5,0.5,0.5,0.5,0.5,0.0,0.5,0.5,0.5,0.5,0.5,0.5
78,78.0,1.0,1.0,1.2,1.0,1.0,0.8,1.0,1.2,1.662656941724129,1.6169959669497385,1.6169959669497385,1.5713349921753461,0.7,0.7,0.9,0.6,0.6,1.600193226471273,1.5588252860127059,1.5174573455541382,1.3390017352005144,1.3846627099749051,0.7,1.0,1.0,0.8,0.8,0.8,1.0,1.0,0.55,0.3,0.1,0.0,0.0,0.55,0.3,0.1,0.5,0.5,0.5,0.5,3.0,0.5,0.5,0.5,0.5,0.5,0.5,0.0,0.5,0.5,0.5,0.5,0.5,0.5
79,79.0,1.0,1.0,1.2,1.0,1.0,0.8,1.0,1.2,1.6703893466658621,1.6251849816392154,1.6251849816392154,1.579980616612567,0.7,0.7,0.9,0.6,0.6,1.6071637209162066,1.5666231392668106,1.5260825576174144,1.3466100995188757,1.3918144645455226,0.7,1.0,1.0,0.8,0.8,0.8,1.0,1.0,0.55,0.3,0.1,0.0,0.0,0.55,0.3,0.1,0.5,0.5,0.5,0.5,3.0,0.5,0.5,0.5,0.5,0.5,0.5,0.0,0.5,0.5,0.5,0.5,0.5,0.5
80,80.0,1.0,1.0,1.2,1.0,1.0,0.8,1.0,1.2,1.6780444275581778,1.6332921061817975,1.6332921061817975,1.5885397848054157,0.7,0.7,0.9,0.6,0.6,1.6139948054722415,1.5742650354558334,1.534535265439425,1.3541425420270168,1.398894863403397,0.7,1.0,1.0,0.8,0.8,0.8,1.0,1.0,0.55,0.3,0.1,0.0,0.0,0.55,0.3,0.1,0.5,0.5,0.5,0.5,3.0,0.5,0.5,0.5,0.5,0.5,0.5,0.0,0.5,0.5,0.5,0.5,0.5,0.5
81,81.0,1.0,1.0,1.2,1.0,1.0,0.8,1.0,1.2,1.6856229576415704,1.6413181594789539,1.6413181594789539,1.597013361316336,0.7,0.7,0.9,0.6,0.6,1.6206892683371557,1.5817540937210757,1.5428189191049955,1.3615998057597434,1.40590460392236,0.7,1.0,1.0,0.8,0.8,0.8,1.0,1.0,0.55,0.3,0.1,0.0,0.0,0.55,0.3,0.1,0.5,0.5,0.5,0.5,3.0,0.5,0.5,0.5,0.5,0.5,0.5,0.0,0.5,0.5,0.5,0.5,0.5,0.5
82,82.0,1.0,1.0,1.2,1.0,1.0,0.8,1.0,1.2,1.693125702424129,1.6492639522431387,1.6492639522431387,1.605402202062147,0.7,0.7,0.9,0.6,0.6,1.6272498419447716,1.589093370821013,1.5509368996972546,1.3689826279398432,1.4128443781208335,0.7,1.0,1.0,0.8,0.8,0.8,1.0,1.0,0.55,0.3,0.1,0.0,0.0,0.55,0.3,0.1,0.5,0.5,0.5,0.5,3.0,0.5,0.5,0.5,0.5,0.5,0.5,0.0,0.5,0.5,0.5,0.5,0.5,0.5
83,83.0,1.0,1.0,1.2,1.0,1.0,0.8,1.0,1.2,1.700553419758862,1.6571302870796816,1.6571302870796816,1.6137071544005,0.7,0.7,0.9,0.6,0.6,1.6336792040802353,1.5962858623789518,1.5588925206776685,1.3762917398743721,1.4197148725535527,0.7,1.0,1.0,0.8,0.8,0.8,1.0,1.0,0.55,0.3,0.1,0.0,0.0,0.55,0.3,0.1,0.5,0.5,0.5,0.5,3.0,0.5,0.5,0.5,0.5,0.5,0.5,0.0,0.5,0.5,0.5,0.5,0.5,0.5
84,84.0,1.0,1.0,1.2,1.0,1.0,0.8,1.0,1.2,1.7079068599202478,1.664917958567859,1.664917958567859,1.6219290572154692,0.7,0.7,0.9,0.6,0.6,1.6399799789729896,1.6033345041057316,1.566689029238474,1.3835278668681632,1.4265167682205517,0.7,1.0,1.0,0.8,0.8,0.8,1.0,1.0,0.55,0.3,0.1,0.0,0.0,0.55,0.3,0.1,0.5,0.5,0.5,0.5,3.0,0.5,0.5,0.5,0.5,0.5,0.5,0.0,0.5,0.5,0.5,0.5,0.5,0.5
85,85.0,1.0,1.0,1.2,1.0,1.0,0.8,1.0,1.2,1.7151867656800197,1.6726277533411549,1.6726277533411549,1.630068741002289,0.7,0.7,0.9,0.6,0.6,1.6461547383678887,1.610242172997976,1.5743296076280635,1.3906917281527629,1.4332507404916275,0.7,1.0,1.0,0.8,0.8,0.8,1.0,1.0,0.55,0.3,0.1,0.0,0.0,0.55,0.3,0.1,0.5,0.5,0.5,0.5,3.0,0.5,0.5,0.5,0.5,0.5,0.5,0.0,0.5,0.5,0.5,0.5,0.5,0.5
86,86.0,1.0,1.0,1.2,1.0,1.0,0.8,1.0,1.2,1.7223938723821939,1.6802604501667178,1.6802604501667178,1.6381270279512403,0.7,0.7,0.9,0.6,0.6,1.65220600257489,1.6170116885123753,1.5818173744498611,1.3977840368291883,1.4399174590446644,0.7,1.0,1.0,0.8,0.8,0.8,1.0,1.0,0.55,0.3,0.1,0.0,0.0,0.55,0.3,0.1,0.5,0.5,0.5,0.5,3.0,0.5,0.5,0.5,0.5,0.5,0.5,0.0,0.5,0.5,0.5,0.5,0.5,0.5
87,87.0,1.0,1.0,1.2,1.0,1.0,0.8,1.0,1.2,1.7295289080173464,1.6878168200240249,1.6878168200240249,1.6461047320307023,0.7,0.7,0.9,0.6,0.6,1.6581362414977512,1.6236458137164869,1.589155385935223,1.4048054998230541,1.4465175878163756,0.7,1.0,1.0,0.8,0.8,0.8,1.0,1.0,0.55,0.3,0.1,0.0,0.0,0.55,0.3,0.1,0.5,0.5,0.5,0.5,3.0,0.5,0.5,0.5,0.5,0.5,0.5,0.0,0.5,0.5,0.5,0.5,0.5,0.5
88,88.0,1.0,1.0,1.2,1.0,1.0,0.8,1.0,1.2,1.7365925932961472,1.695297626182759,1.695297626182759,1.6540026590693697,0.7,0.7,0.9,0.6,0.6,1.663947875642155,1.630147256416516,1.5963466371908774,1.4117568178507656,1.4530517849641538,0.7,1.0,1.0,0.8,0.8,0.8,1.0,1.0,0.55,0.3,0.1,0.0,0.0,0.55,0.3,0.1,0.5,0.5,0.5,0.5,3.0,0.5,0.5,0.5,0.5,0.5,0.5,0.0,0.5,0.5,0.5,0.5,0.5,0.5
89,89.0,1.0,1.0,1.2,1.0,1.0,0.8,1.0,1.2,1.74358564172216,1.7027036242799058,1.7027036242799058,1.6618216068376503,0.7,0.7,0.9,0.6,0.6,1.6696432771036709,1.6365186702625447,1.6033940634214188,1.4186386853956057,1.45952070283786,0.7,1.0,1.0,0.8,0.8,0.8,1.0,1.0,0.55,0.3,0.1,0.0,0.0,0.55,0.3,0.1,0.5,0.5,0.5,0.5,3.0,0.5,0.5,0.5,0.5,0.5,0.5,0.0,0.5,0.5,0.5,0.5,0.5,0.5
90,90.0,1.0,1.0,1.2,1.0,1.0,0.8,1.0,1.2,1.7505087596639128,1.7100355623960812,1.7100355623960812,1.6695623651282483,0.7,0.7,0.9,0.6,0.6,1.6752247705359564,1.6427626558316528,1.6103005411273494,1.4254517906926627,1.4659249879604945,0.7,1.0,1.0,0.8,0.8,0.8,1.0,1.0,0.55,0.3,0.1,0.0,0.0,0.55,0.3,0.1,0.5,0.5,0.5,0.5,3.0,0.5,0.5,0.5,0.5,0.5,0.5,0.0,0.5,0.5,0.5,0.5,0.5,0.5
91,91.0,1.0,1.0,1.2,1.0,1.0,0.8,1.0,1.2,1.7573626464262482,1.7172941811310949,1.7172941811310949,1.6772257158359403,0.7,0.7,0.9,0.6,0.6,1.6806946340995963,1.6488817616893787,1.6170688892791614,1.4321968157216478,1.4722652810168013,0.7,1.0,1.0,0.8,0.8,0.8,1.0,1.0,0.55,0.3,0.1,0.0,0.0,0.55,0.3,0.1,0.5,0.5,0.5,0.5,3.0,0.5,0.5,0.5,0.5,0.5,0.5,0.0,0.5,0.5,0.5,0.5,0.5,0.5
92,92.0,1.0,1.0,1.2,1.0,1.0,0.8,1.0,1.2,1.7641479943209601,1.7244802136787583,1.7244802136787583,1.6848124330365553,0.7,0.7,0.9,0.6,0.6,1.6860551003919633,1.65487848542995,1.6237018704679371,1.4388744362067518,1.478542216848954,0.7,1.0,1.0,0.8,0.8,0.8,1.0,1.0,0.55,0.3,0.1,0.0,0.0,0.55,0.3,0.1,0.5,0.5,0.5,0.5,3.0,0.5,0.5,0.5,0.5,0.5,0.5,0.0,0.5,0.5,0.5,0.5,0.5,0.5
93,93.0,1.0,1.0,1.2,1.0,1.0,0.8,1.0,1.2,1.770865488736725,1.731594385900945,1.731594385900945,1.692323283065164,0.7,0.7,0.9,0.6,0.6,1.691308357358483,1.6607552746957102,1.6302021920329373,1.4454853216227728,1.484756424458553,0.7,1.0,1.0,0.8,0.8,0.8,1.0,1.0,0.55,0.3,0.1,0.0,0.0,0.55,0.3,0.1,0.5,0.5,0.5,0.5,3.0,0.5,0.5,0.5,0.5,0.5,0.5,0.0,0.5,0.5,0.5,0.5,0.5,0.5
94,94.0,1.0,1.0,1.2,1.0,1.0,0.8,1.0,1.2,1.7775158082083322,1.73863741640091,1.73863741640091,1.6997590245934868,0.7,0.7,0.9,0.6,0.6,1.6964565491856725,1.6665145281761549,1.6365725071666375,1.4520301352068248,1.490908527014247,0.7,1.0,1.0,0.8,0.8,0.8,1.0,1.0,0.55,0.3,0.1,0.0,0.0,0.55,0.3,0.1,0.5,0.5,0.5,0.5,3.0,0.5,0.5,0.5,0.5,0.5,0.5,0.0,0.5,0.5,0.5,0.5,0.5,0.5
95,95.0,1.0,1.0,1.2,1.0,1.0,0.8,1.0,1.2,1.7840996244852232,1.7456100165958752,1.7456100165958752,1.7071204087065264,0.7,0.7,0.9,0.6,0.6,1.701501777176318,1.6721585965869907,1.6428154159976638,1.4585095339750083,1.4969991418643562,0.7,1.0,1.0,0.8,0.8,0.8,1.0,1.0,0.55,0.3,0.1,0.0,0.0,0.55,0.3,0.1,0.5,0.5,0.5,0.5,3.0,0.5,0.5,0.5,0.5,0.5,0.5,0.0,0.5,0.5,0.5,0.5,0.5,0.5
96,96.0,1.0,1.0,1.2,1.0,1.0,0.8,1.0,1.2,1.7906176025993452,1.752512890788891,1.752512890788891,1.7144081789784356,0.7,0.7,0.9,0.6,0.6,1.7064461006071505,1.6776897836296099,1.6489334666520694,1.4649241687434846,1.5030288805539391,0.7,1.0,1.0,0.8,0.8,0.8,1.0,1.0,0.55,0.3,0.1,0.0,0.0,0.55,0.3,0.1,0.5,0.5,0.5,0.5,3.0,0.5,0.5,0.5,0.5,0.5,0.5,0.0,0.5,0.5,0.5,0.5,0.5,0.5
97,97.0,1.0,1.0,1.2,1.0,1.0,0.8,1.0,1.2,1.7970704009323262,1.7593467362399764,1.7593467362399764,1.7216230715476255,0.7,0.7,0.9,0.6,0.6,1.7112915375693665,1.6831103469313766,1.654929156293387,1.4712746841534536,1.5089983488458036,0.7,1.0,1.0,0.8,0.8,0.8,1.0,1.0,0.55,0.3,0.1,0.0,0.0,0.55,0.3,0.1,0.5,0.5,0.5,0.5,3.0,0.5,0.5,0.5,0.5,0.5,0.5,0.0,0.5,0.5,0.5,0.5,0.5,0.5
98,98.0,1.0,1.0,1.2,1.0,1.0,0.8,1.0,1.2,1.8034586712819773,1.766112243236551,1.766112243236551,1.7287658151911236,0.7,0.7,0.9,0.6,0.6,1.716040065792338,1.6884224989671082,1.6608049321418783,1.4775617186995826,1.5149081467450092,0.7,1.0,1.0,0.8,0.8,0.8,1.0,1.0,0.55,0.3,0.1,0.0,0.0,0.55,0.3,0.1,0.5,0.5,0.5,0.5,3.0,0.5,0.5,0.5,0.5,0.5,0.5,0.0,0.5,0.5,0.5,0.5,0.5,0.5
99,99.0,1.0,1.0,1.2,1.0,1.0,0.8,1.0,1.2,1.8097830589281318,1.7728100951631598,1.7728100951631598,1.7358371313981866,0.7,0.7,0.9,0.6,0.6,1.7206936234508503,1.6936284079621249,1.6665631924733997,1.4837859047614839,1.5207588685264561,0.7,1.0,1.0,0.8,0.8,0.8,1.0,1.0,0.55,0.3,0.1,0.0,0.0,0.55,0.3,0.1,0.5,0.5,0.5,0.5,3.0,0.5,0.5,0.5,0.5,0.5,0.5,0.0,0.5,0.5,0.5,0.5,0.5,0.5
